graph_type,metric,sampler,frac,theta_mean,mean_sampled_mean,bias_rel_mean,var_rel_mean,nd_mean,theta_std,mean_sampled_std,bias_rel_std,var_rel_std,nd_std
BA,assortativity,degree_weighted,0.05,-0.08354633740363289,-0.23598387610073118,-1.967261403781683,2.063929972206309,2.8618022565664964,0.021119735667912407,0.021336380063780278,0.7341388792791632,0.8045149197696018,1.0541439213008637
BA,assortativity,degree_weighted,0.1,-0.08354633740363289,-0.15923668235382335,-0.944844222757791,0.9200733598620945,1.3335164100965984,0.021119735667912407,0.03458309564145173,0.3368067212611629,0.20615940783568554,0.32739874761226306
BA,assortativity,degree_weighted,0.2,-0.08354633740363289,-0.11461053565485842,-0.3667258250605108,0.43189082288960545,0.5833153158976254,0.021119735667912407,0.03336861942136092,0.16328616588338768,0.11742493464101451,0.12807002819405738
BA,assortativity,degree_weighted,0.3,-0.08354633740363289,-0.09960792011999064,-0.18944336027657474,0.2766852672557253,0.35485632747689533,0.021119735667912407,0.028153255283483614,0.1358572272979915,0.07379454952681275,0.08398488046988965
BA,assortativity,edge_uniform,0.05,-0.08354633740363289,0.08692839753376976,2.117356242910847,1.6070226308025135,2.6603906825039996,0.021119735667912407,0.018968993120204804,0.47244218058416687,0.43618674847954236,0.6312774811704172
BA,assortativity,edge_uniform,0.1,-0.08354633740363289,0.006273158864772546,1.1267445487247199,0.8100730902721587,1.3907686535784243,0.021119735667912407,0.02204047718478305,0.29138347092464584,0.29004322281835154,0.39805426839875385
BA,assortativity,edge_uniform,0.2,-0.08354633740363289,-0.03621994534718029,0.606768963516522,0.4007347557589952,0.7336425340993709,0.021119735667912407,0.028986467585153206,0.27135379589785635,0.09133609471742127,0.2648246672742022
BA,assortativity,edge_uniform,0.3,-0.08354633740363289,-0.05569038437101868,0.3619517513609845,0.26308842560461143,0.4530411350036056,0.021119735667912407,0.026885510940961203,0.1937192088688833,0.06924181457516285,0.18985378785857723
BA,assortativity,random_node,0.05,-0.08354633740363289,-0.3412904265487076,-3.313991932707598,3.1966145000277284,4.618731835590378,0.021119735667912407,0.052781645833921045,1.2997029730612992,0.8865045997992906,1.5199907901292722
BA,assortativity,random_node,0.1,-0.08354633740363289,-0.16423296317475714,-1.0677153449964565,2.0606877339343157,2.3468284796424017,0.021119735667912407,0.020240151836933586,0.5757185189716173,0.5227405692913947,0.6732511553680692
BA,assortativity,random_node,0.2,-0.08354633740363289,-0.13378821778098,-0.6616127176479184,0.862924149331031,1.0952408564501273,0.021119735667912407,0.013226860366052692,0.31401206538463927,0.22326097686968466,0.35632880674751455
BA,assortativity,random_node,0.3,-0.08354633740363289,-0.12074327140311791,-0.4854922481546938,0.5431637725103504,0.7328201436265935,0.021119735667912407,0.015460727380240924,0.20458897883536312,0.15008987997333548,0.23772658072384034
BA,assortativity,snowball,0.05,-0.08354633740363289,-0.4226084866466736,-4.3687875531310265,1.5824662609190987,4.651301611243506,0.021119735667912407,0.01619386906744314,1.575373357156707,0.5379390177254999,1.648044732997242
BA,assortativity,snowball,0.1,-0.08354633740363289,-0.3663571456934781,-3.636117033668269,0.8876064845094433,3.7435607657696353,0.021119735667912407,0.011752103829253898,1.2878172521462852,0.36297476894143393,1.3356292117935302
BA,assortativity,snowball,0.2,-0.08354633740363289,-0.29969551603669603,-2.7552117444043525,0.627358498309588,2.82591476298249,0.021119735667912407,0.011396813679686375,0.838578688651577,0.20616776918388321,0.8628091381870295
BA,assortativity,snowball,0.3,-0.08354633740363289,-0.25657621266015324,-2.181257479891786,0.4522838045164715,2.228016980122816,0.021119735667912407,0.023156892862951174,0.551374932967708,0.12033875445302114,0.5625630583753737
BA,avg_path,degree_weighted,0.05,3.3903973717146436,2.8060026393621467,-0.17228767530199793,0.14782504713628952,0.2287597706735672,0.038521060384262396,0.09928465208239948,0.030417890353042126,0.0206639926439754,0.018909450666459025
BA,avg_path,degree_weighted,0.1,3.3903973717146436,3.4322943557320267,0.01227292298698483,0.09908486971333393,0.10213629467389942,0.038521060384262396,0.10967981127575459,0.026480841035420342,0.01287007391208536,0.01695996575010537
BA,avg_path,degree_weighted,0.2,3.3903973717146436,3.4963864932667166,0.03116003796851834,0.0427039004197521,0.05328427563140949,0.038521060384262396,0.07915144983678629,0.012199546953358183,0.007525321658785628,0.012233385531195504
BA,avg_path,degree_weighted,0.3,3.3903973717146436,3.470948060521741,0.023702129521588126,0.023534845637379113,0.03356884724578163,0.038521060384262396,0.06092143114155907,0.006649595003243305,0.0017158755530426696,0.005759933996945093
BA,avg_path,edge_uniform,0.05,3.3903973717146436,3.5778134295706026,0.05527529877436995,0.1684355567876665,0.17854336300436532,0.038521060384262396,0.0894872336177564,0.023310337703157637,0.013453029143124223,0.012631688407895265
BA,avg_path,edge_uniform,0.1,3.3903973717146436,3.7450435136142692,0.10447673023329525,0.09927142688541532,0.1446742348132412,0.038521060384262396,0.10921257543142376,0.023133650485180762,0.004186335060203196,0.01876572960597596
BA,avg_path,edge_uniform,0.2,3.3903973717146436,3.579820037913465,0.0557645284269783,0.043408684043022575,0.07089076680133359,0.038521060384262396,0.08195026726490517,0.01278799815795437,0.006384242787080824,0.012841769038520523
BA,avg_path,edge_uniform,0.3,3.3903973717146436,3.4721823459710115,0.024087219885116813,0.02355384192989294,0.03373577365375555,0.038521060384262396,0.05356207561757658,0.004961603202868603,0.002677391989120613,0.005280146162728467
BA,avg_path,random_node,0.05,3.3903973717146436,1.4575705384402355,-0.5700832501268293,0.12325425895971602,0.5835040503639876,0.038521060384262396,0.07221293367625198,0.020734047083214056,0.015293912171156018,0.01734182812080291
BA,avg_path,random_node,0.1,3.3903973717146436,2.515861327244796,-0.2579924858187147,0.21648224933196744,0.33710214169093766,0.038521060384262396,0.06433232422775384,0.014147019489203027,0.015727165011362884,0.013454487444196635
BA,avg_path,random_node,0.2,3.3903973717146436,4.895516779597618,0.44376452690938867,0.27651978385176584,0.5229310958616553,0.038521060384262396,0.12187448923283813,0.020204322929709938,0.009776796102865942,0.020501692342861772
BA,avg_path,random_node,0.3,3.3903973717146436,5.245894001103546,0.5473302346282105,0.2627204036881709,0.6081827151307702,0.038521060384262396,0.04563343052537454,0.008164092807412137,0.04635303691150425,0.024453691496423086
BA,avg_path,snowball,0.05,3.3903973717146436,3.1976232560822178,-0.05694249497602677,0.14141458595742876,0.15484445734481297,0.038521060384262396,0.09658100234494958,0.022440183430674172,0.031244081105048963,0.023651914150792944
BA,avg_path,snowball,0.1,3.3903973717146436,2.982251304142306,-0.12047974255592767,0.09159778411376122,0.15166590333835148,0.038521060384262396,0.0755437800020093,0.013527142402165088,0.005737623111411805,0.009727493631795078
BA,avg_path,snowball,0.2,3.3903973717146436,2.946450802550056,-0.1309837691072833,0.06124410642015408,0.14472397933525016,0.038521060384262396,0.05518671957753577,0.008949120943640965,0.008066793535608264,0.009917540333380402
BA,avg_path,snowball,0.3,3.3903973717146436,2.996964086471409,-0.11607358827441543,0.040868574648022515,0.12308712818393426,0.038521060384262396,0.05477632427682013,0.00968092515669727,0.0029573505050893194,0.009672780831465985
BA,clustering,degree_weighted,0.05,0.021692446411990786,0.0881129558901503,3.050039502589759,3.4750138765070075,4.6277272906128655,0.0014649778066983007,0.011221269045372975,0.27811947510986584,0.2747604880540704,0.32572524383296514
BA,clustering,degree_weighted,0.1,0.021692446411990786,0.09192299068666579,3.2252996834739243,1.5238894641197422,3.570845017322341,0.0014649778066983007,0.011512293387664765,0.2829918214858796,0.23997414207905415,0.3240381483173301
BA,clustering,degree_weighted,0.2,0.021692446411990786,0.07099580172729214,2.2668801994490266,0.45689411761074694,2.3129926655825583,0.0014649778066983007,0.00838820934911057,0.2250029371322906,0.05721164127853685,0.2255066440689928
BA,clustering,degree_weighted,0.3,0.021692446411990786,0.055236147959302616,1.5424157562639906,0.2131530365679868,1.5571999934719625,0.0014649778066983007,0.0057775376293798695,0.12899507036983263,0.027933119509131365,0.13011894739370317
BA,clustering,edge_uniform,0.05,0.021692446411990786,0.08341828606799331,2.8237075577378237,2.6957651373777716,3.9130623009633454,0.0014649778066983007,0.01495439648407362,0.4786330521791847,0.1375814185476769,0.39817093157479583
BA,clustering,edge_uniform,0.1,0.021692446411990786,0.08567151483153197,2.9378415142945755,1.3442516670304259,3.234538286656013,0.0014649778066983007,0.011016315517073804,0.28025322132356295,0.12518677456866212,0.25263178950406157
BA,clustering,edge_uniform,0.2,0.021692446411990786,0.06851276180666159,2.1521304979071743,0.44272252045896676,2.197886373156315,0.0014649778066983007,0.007438843864493857,0.1581763161911328,0.05553849011602672,0.15591591302699548
BA,clustering,edge_uniform,0.3,0.021692446411990786,0.05377395094124704,1.4749183868903535,0.20994022233109016,1.4901736824621497,0.0014649778066983007,0.005544589283301871,0.11488382176907598,0.03403390902634481,0.11361569329967228
BA,clustering,random_node,0.05,0.021692446411990786,0.004401036823100108,-0.7955199543081409,1.4364705797002528,1.9374427362107371,0.0014649778066983007,0.005349066969694219,0.24410913912213253,1.664919597596258,1.2287455994638836
BA,clustering,random_node,0.1,0.021692446411990786,0.012074269227253161,-0.44532932310092505,1.6762765344175778,1.7525695565210309,0.0014649778066983007,0.003890910308690793,0.1603839428941867,0.5072060355549595,0.4515334327621009
BA,clustering,random_node,0.2,0.021692446411990786,0.017187580027174455,-0.2085680660525071,0.7572790031634999,0.7874758350159288,0.0014649778066983007,0.0020373965499982734,0.06642340512739826,0.058660960849066565,0.06261467216551851
BA,clustering,random_node,0.3,0.021692446411990786,0.019346689076194922,-0.10698227005323777,0.5326870112447116,0.5439896133797609,0.0014649778066983007,0.000986951427101224,0.029808032889850896,0.03805615166711865,0.037838310498159944
BA,clustering,snowball,0.05,0.021692446411990786,0.09274843050303647,3.274488871015875,2.5484870734092113,4.163796468478829,0.0014649778066983007,0.009539388669932883,0.3112431371422647,0.44445762611849043,0.37979368789240253
BA,clustering,snowball,0.1,0.021692446411990786,0.07454105863330567,2.4227591872537264,1.103416496850223,2.663211614229366,0.0014649778066983007,0.011010379954104524,0.3150610781658456,0.12617969678219498,0.3292828986248465
BA,clustering,snowball,0.2,0.021692446411990786,0.05202655158563224,1.3955000334144607,0.30803008624268324,1.4292629141415971,0.0014649778066983007,0.005414986749957793,0.13727681504971045,0.03009783450851806,0.13834306281731582
BA,clustering,snowball,0.3,0.021692446411990786,0.042963101345465174,0.9787107025874056,0.15880881252546902,0.9915766249419145,0.0014649778066983007,0.0038127116275586716,0.06627366866296658,0.011559128467752663,0.06606176324916195
BA,modularity,degree_weighted,0.05,0.3893398515729119,0.5452641960638037,0.40045914601272214,0.25407007751766636,0.4749102122102462,0.006941196174479171,0.016911503788749817,0.03458314368208799,0.020107198992962642,0.028715345986802636
BA,modularity,degree_weighted,0.1,0.3893398515729119,0.5425053382662798,0.3931428607468169,0.14287560655753237,0.4184661050255788,0.006941196174479171,0.017767069371879,0.02396518674687168,0.014029567045230172,0.024438545167580907
BA,modularity,degree_weighted,0.2,0.3893398515729119,0.5011483684220066,0.2872575109871384,0.0667682076857882,0.2949590796253319,0.006941196174479171,0.00856590734824433,0.015260803145575588,0.00777247902790476,0.016149897715829975
BA,modularity,degree_weighted,0.3,0.3893398515729119,0.470208222100766,0.20789300084851864,0.04080743465177859,0.2118947944370367,0.006941196174479171,0.005387005521454103,0.017134508072077257,0.002278945812271315,0.016747036448921424
BA,modularity,edge_uniform,0.05,0.3893398515729119,0.6341181547796145,0.6283360135343432,0.23480253238291288,0.6711307037224935,0.006941196174479171,0.0253684006624687,0.04420295299942806,0.019033559846056994,0.04145623599104582
BA,modularity,edge_uniform,0.1,0.3893398515729119,0.5599332583762632,0.437967482890185,0.13749380631092728,0.4591363363961213,0.006941196174479171,0.016862947337613295,0.023044087315495287,0.012631444472548166,0.024144205399868314
BA,modularity,edge_uniform,0.2,0.3893398515729119,0.49350639225983495,0.2676513828031678,0.06274765218776238,0.27492750369635016,0.006941196174479171,0.00808929429307985,0.01611344731921191,0.006121901809302751,0.016848404072605405
BA,modularity,edge_uniform,0.3,0.3893398515729119,0.4568850949360466,0.17367091086467273,0.03688474979047074,0.17763840175705545,0.006941196174479171,0.0037052015696942067,0.014005374817376282,0.003990410865790348,0.013054088966302113
BA,modularity,random_node,0.05,0.3893398515729119,0.6062216446023585,0.5573817791743911,0.4684500568758831,0.7321966137586149,0.006941196174479171,0.018984372270552313,0.054072469550092504,0.07155324776469528,0.02353140789941249
BA,modularity,random_node,0.1,0.3893398515729119,0.7886590567483021,1.0261434908973892,0.1992429810874093,1.0454041182196327,0.006941196174479171,0.006394933803712798,0.03978406442328994,0.01705155695721821,0.04026910935307237
BA,modularity,random_node,0.2,0.3893398515729119,0.7848640841491527,1.0161097991086616,0.15558562127150635,1.027960138807177,0.006941196174479171,0.007837632617241002,0.016431815382528005,0.0064178075901405686,0.01706299590628713
BA,modularity,random_node,0.3,0.3893398515729119,0.7281077778374551,0.8704788707304699,0.13813669992777083,0.8814299902798888,0.006941196174479171,0.0036598461942781695,0.026920240953945632,0.014512302156278084,0.028386385817837232
BA,modularity,snowball,0.05,0.3893398515729119,0.48379720184900477,0.24266913936840462,0.21110196923734398,0.3218768156434824,0.006941196174479171,0.013295184071045865,0.02964821269993717,0.02342286398930483,0.035174312855905526
BA,modularity,snowball,0.1,0.3893398515729119,0.45375554495384496,0.16532163310126155,0.1272255214148717,0.20939566060627404,0.006941196174479171,0.015164922317933364,0.026777259250012925,0.01653223767453819,0.024065072880423043
BA,modularity,snowball,0.2,0.3893398515729119,0.4377717290928464,0.12443393002388163,0.06112736783260828,0.13879364888685114,0.006941196174479171,0.006820238184166995,0.0040694049515259635,0.008043300152833438,0.005206348913971003
BA,modularity,snowball,0.3,0.3893398515729119,0.4283372253756661,0.10019894276971655,0.03247850459323524,0.10536017234262715,0.006941196174479171,0.006654313380233416,0.002937169285221265,0.003287638140542001,0.0034394583650973693
ER,assortativity,degree_weighted,0.05,-0.0024011753643336524,-0.1582558260575834,-23.113845680055583,35.724949097049134,42.64507394506254,0.018164300747428693,0.030407164694674776,23.83099528713989,32.66901929341474,40.31228790182459
ER,assortativity,degree_weighted,0.1,-0.0024011753643336524,-0.05101034018448467,-6.457001718130954,20.697849217919135,21.767922283752842,0.018164300747428693,0.010818532191386905,4.503426320118188,19.308849772803867,19.708545590038824
ER,assortativity,degree_weighted,0.2,-0.0024011753643336524,-0.016043549800975606,-2.4470079766687687,10.719804020576,11.06353758084143,0.018164300747428693,0.009453919539197777,2.289149037044798,9.116148729800603,9.29890311117835
ER,assortativity,degree_weighted,0.3,-0.0024011753643336524,-0.01126331854169367,-1.6341553347556275,7.050580658568511,7.274414977387641,0.018164300747428693,0.01430906732502513,1.7836011230584916,6.772981212667591,6.955900732157907
ER,assortativity,edge_uniform,0.05,-0.0024011753643336524,0.26443608379142824,34.59735537992144,19.115647684330877,39.54735937496447,0.018164300747428693,0.015554840443812869,28.30539456925712,16.568077432343767,32.7671442409128
ER,assortativity,edge_uniform,0.1,-0.0024011753643336524,0.1772284462661627,23.368608225095013,13.378316319697229,26.946403238431152,0.018164300747428693,0.00969231571391436,19.503096927520172,12.33505700749468,23.048375413292014
ER,assortativity,edge_uniform,0.2,-0.0024011753643336524,0.09202358246334535,11.879055661974245,8.589182628543195,14.699395239301703,0.018164300747428693,0.007404066608796177,9.487493824118749,7.630563488262354,12.114259769710454
ER,assortativity,edge_uniform,0.3,-0.0024011753643336524,0.04362493393758986,5.979126640282906,6.466396448819863,8.824994625931357,0.018164300747428693,0.011865123122483903,5.655492245684668,5.929438406572367,8.169912342920323
ER,assortativity,random_node,0.05,-0.0024011753643336524,-0.17672820941195605,-23.17305696163456,36.5647511411795,43.31453847253458,0.018164300747428693,0.016960487088948248,19.768841318614736,29.44962002267057,35.43113244596953
ER,assortativity,random_node,0.1,-0.0024011753643336524,-0.050657497326003734,-6.941617271989564,22.111500152306135,23.33595982358282,0.018164300747428693,0.016087371854195717,7.028223491234275,18.371864756243124,19.431756884668424
ER,assortativity,random_node,0.2,-0.0024011753643336524,-0.024173334659285933,-3.345953004509642,12.096311649402896,12.608733319264868,0.018164300747428693,0.005766402403080337,2.8391059693096388,11.65655182513105,11.920810565827505
ER,assortativity,random_node,0.3,-0.0024011753643336524,-0.011851784236860055,-1.5528447712618072,7.4829145183800865,7.746865430845082,0.018164300747428693,0.00876692788786624,2.218882365577531,6.068963303921634,6.3043651740967075
ER,assortativity,snowball,0.05,-0.0024011753643336524,-0.6914024795164626,-93.88331843921846,10.70826153619797,94.49308744934231,0.018164300747428693,0.00807590338779936,82.85793982049714,9.748268706157535,83.42792037014586
ER,assortativity,snowball,0.1,-0.0024011753643336524,-0.5239983098552848,-71.25528239594244,9.249252587700806,71.85588452709905,0.018164300747428693,0.008228787074049457,62.69597216049232,8.141219945734559,63.2183449588413
ER,assortativity,snowball,0.2,-0.0024011753643336524,-0.35851025408132975,-49.15462753294492,8.18773874323277,49.83599163513028,0.018164300747428693,0.0034698566240257984,44.080989801556505,7.873682303572208,44.77294438742022
ER,assortativity,snowball,0.3,-0.0024011753643336524,-0.2679569042081491,-36.86463237904779,5.574087195927621,37.2871756221909,0.018164300747428693,0.005477186538953994,33.19385086963787,4.625671038777044,33.509717939760165
ER,avg_path,degree_weighted,0.05,3.4321451814768458,1.7330230103230104,-0.4951241912510847,0.14153686133538995,0.5152869531571308,0.021552153264895048,0.08559179101084444,0.02308133699901702,0.01569967158994824,0.01882106629918257
ER,avg_path,degree_weighted,0.1,3.4321451814768458,3.819086022225542,0.11285438022368914,0.3151809690067447,0.336859957011254,0.021552153264895048,0.17819372849772214,0.05438870375732852,0.03957854384802933,0.052680612013647196
ER,avg_path,degree_weighted,0.2,3.4321451814768458,6.491078729667454,0.8912088327715295,0.21909927902776838,0.9186565582800681,0.021552153264895048,0.08385109312055299,0.014702308464736979,0.05081332055951753,0.026606548674181024
ER,avg_path,degree_weighted,0.3,3.4321451814768458,5.050232278106397,0.4714398912589828,0.06365918154525861,0.4757402871236078,0.021552153264895048,0.05311938998170141,0.010706916391866553,0.005957923598120437,0.01114392225720155
ER,avg_path,edge_uniform,0.05,3.4321451814768458,3.1920632523603496,-0.06992849868737394,0.2755804817182582,0.28502158805745026,0.021552153264895048,0.06981350309884235,0.020716996878339857,0.0181714330489932,0.0160002783145874
ER,avg_path,edge_uniform,0.1,3.4321451814768458,6.641698479284949,0.9352548777780216,0.3420135343384932,0.9963189406275372,0.021552153264895048,0.14055627754516287,0.045309040182688,0.02570411127386339,0.03863937421912022
ER,avg_path,edge_uniform,0.2,3.4321451814768458,5.523792209333935,0.60938149126584,0.11237538096754333,0.6196892895112841,0.021552153264895048,0.08202246905448865,0.01672144411904773,0.006490334377127769,0.01645438835774833
ER,avg_path,edge_uniform,0.3,3.4321451814768458,4.610482362464667,0.34331246610209476,0.044577349567824935,0.3462187330175228,0.021552153264895048,0.04282279938755611,0.006838020501368343,0.005065214903070008,0.00716853580311313
ER,avg_path,random_node,0.05,3.4321451814768458,1.5183852813852816,-0.5575695952896654,0.11559918215393743,0.5694637685699571,0.021552153264895048,0.04925812733724981,0.015196419480600057,0.005126658179924085,0.014309604446937352
ER,avg_path,random_node,0.1,3.4321451814768458,3.009291530287599,-0.12308548245533815,0.2623418369879396,0.29169234041737263,0.021552153264895048,0.10737439999511716,0.03482521859229194,0.029007680402929625,0.025793581207181573
ER,avg_path,random_node,0.2,3.4321451814768458,7.560190081794742,1.2026343742176713,0.33139226382025894,1.2477124816030654,0.021552153264895048,0.14307729830555818,0.029422092195298646,0.03607185163784424,0.03703552709142534
ER,avg_path,random_node,0.3,3.4321451814768458,5.87845399479789,0.7126815474492542,0.11104656440053909,0.721338182698281,0.021552153264895048,0.09659164091374363,0.0180008668480935,0.01264512357377069,0.019515955246639727
ER,avg_path,snowball,0.05,3.4321451814768458,4.080748518489521,0.1890670159342452,0.20084634794633574,0.2767570598310657,0.021552153264895048,0.053275173745092504,0.021224162132747304,0.01715523399216598,0.01042446165127216
ER,avg_path,snowball,0.1,3.4321451814768458,3.999565351038563,0.16530079803086226,0.06863908279415656,0.1790050015726865,0.021552153264895048,0.04228002548387789,0.005231921554887681,0.004512656195844606,0.0062326342448644125
ER,avg_path,snowball,0.2,3.4321451814768458,3.868935485929233,0.1272733767000075,0.030674146853677753,0.13092453009972577,0.021552153264895048,0.019514966586894108,0.0027020114323962254,0.0014353260678434785,0.002662691624668402
ER,avg_path,snowball,0.3,3.4321451814768458,3.8063297768479787,0.10902603036291461,0.019968454277966112,0.11089032193795292,0.021552153264895048,0.024412270326734986,0.003020279588596831,0.0035770939590821036,0.0028029260228984378
ER,clustering,degree_weighted,0.05,0.010144887359749817,0.00513053857906799,-0.4992126474574895,3.5516477124910133,3.953832674881922,0.0008874423245452517,0.004758117297077818,0.46807986395411005,3.2804963148817077,2.74208537997398
ER,clustering,degree_weighted,0.1,0.010144887359749817,0.010326903116548946,0.022607051608361406,2.9696455297930147,2.973986924590709,0.0008874423245452517,0.001686229606665763,0.18161834294756407,0.3869140394189842,0.38867978607264814
ER,clustering,degree_weighted,0.2,0.010144887359749817,0.012140062904790208,0.19924242763551334,1.1027835672645774,1.1213484325052951,0.0008874423245452517,0.0007450816609787881,0.05306074793106475,0.06029040246535341,0.06677513194621529
ER,clustering,degree_weighted,0.3,0.010144887359749817,0.012079308298332727,0.19323843122585777,0.5596253045379941,0.5932341744501372,0.0008874423245452517,0.0007962016130961893,0.0593995477042458,0.0510964301628252,0.06620147468731488
ER,clustering,edge_uniform,0.05,0.010144887359749817,0.012163413433501526,0.20988868042992187,4.128924283496417,4.139137604584053,0.0008874423245452517,0.001964225370273184,0.24780510432293748,0.5489320605762238,0.5587887669132803
ER,clustering,edge_uniform,0.1,0.010144887359749817,0.012887974364092659,0.26774710193905327,1.9817270850876425,2.000406992360049,0.0008874423245452517,0.0016097088994428926,0.055017280705682195,0.05260148673079364,0.04921469990990908
ER,clustering,edge_uniform,0.2,0.010144887359749817,0.013555315518778066,0.33594146764839994,0.8717160776789179,0.9357663810838664,0.0008874423245452517,0.0013837065163902118,0.062130778531970306,0.05756326371585784,0.05943357825516449
ER,clustering,edge_uniform,0.3,0.010144887359749817,0.012731068924534641,0.25517057988219605,0.4980466500275275,0.5612551200559581,0.0008874423245452517,0.0011925192981927615,0.05508368566796002,0.024497340929422785,0.03644595937024347
ER,clustering,random_node,0.05,0.010144887359749817,0.0046,-0.5327615881097906,4.671392994842704,5.0863510364223945,0.0008874423245452517,0.005079370039680117,0.5135365236080711,5.135336908692439,4.682828271702132
ER,clustering,random_node,0.1,0.010144887359749817,0.008877954451838109,-0.11214122053739857,3.2909724334907353,3.3147543679616795,0.0008874423245452517,0.0031987277241238847,0.3542221562486578,0.7495129653157395,0.7117523343319527
ER,clustering,random_node,0.2,0.010144887359749817,0.00892288109642421,-0.11932810453613736,1.1003808166266231,1.110017448248732,0.0008874423245452517,0.0009709906879037442,0.08038260284654045,0.16129379590460735,0.1537857432663916
ER,clustering,random_node,0.3,0.010144887359749817,0.009867507576981367,-0.026633397431405626,0.6141008154621752,0.6183823130833878,0.0008874423245452517,0.0010445315040457923,0.07621673986472119,0.06352326851575912,0.06430223497780028
ER,clustering,snowball,0.05,0.010144887359749817,0.02697543358211734,1.6645032000535491,2.207870834996728,2.7671896837982617,0.0008874423245452517,0.0028215980244737614,0.26014966589931443,0.36967711440207485,0.4350244173639354
ER,clustering,snowball,0.1,0.010144887359749817,0.02180545806347913,1.1479438737946448,1.159942259805835,1.6331531857111954,0.0008874423245452517,0.002215058189682589,0.07145715056925693,0.08697007167242708,0.08794735395993968
ER,clustering,snowball,0.2,0.010144887359749817,0.018006519869936965,0.776903564470117,0.6079162373712659,0.9871300667487919,0.0008874423245452517,0.0012995639785555078,0.04561482315243151,0.05089071886290473,0.05536236709879243
ER,clustering,snowball,0.3,0.010144887359749817,0.016365092365527058,0.6129676486098969,0.38846700367273523,0.7265022430690535,0.0008874423245452517,0.0015923844382871083,0.0625199477680718,0.05065843486187456,0.07080306061282404
ER,modularity,degree_weighted,0.05,0.3177794538810611,0.7663608098091131,1.4117141473745904,0.2478939305072502,1.4333469595337678,0.0021115096617467656,0.006663705130755236,0.02861462829852748,0.01058733816440478,0.0284920870782481
ER,modularity,degree_weighted,0.1,0.3177794538810611,0.8345065350627449,1.6260755405522154,0.12921560903419255,1.6312316022842346,0.0021115096617467656,0.005946294067111078,0.014424949366946705,0.0104443460308528,0.013943086641163373
ER,modularity,degree_weighted,0.2,0.3177794538810611,0.7271686464510919,1.2883423584684799,0.09900107045263293,1.2921455480411748,0.0021115096617467656,0.0033710673471158297,0.01597696917189984,0.004027613287339472,0.015981059978700567
ER,modularity,degree_weighted,0.3,0.3177794538810611,0.6056487411626298,0.9059249367832971,0.06877312189674023,0.9085369957273365,0.0021115096617467656,0.005028760932785903,0.01808804884676337,0.004053586157578528,0.01820535750289043
ER,modularity,edge_uniform,0.05,0.3177794538810611,0.8352095236446353,1.6283814405143069,0.15282433115337496,1.6355588973452515,0.0021115096617467656,0.0034057334387512387,0.02427209939181675,0.009188155901454323,0.024169477986585152
ER,modularity,edge_uniform,0.1,0.3177794538810611,0.7857972342345583,1.4728180159977629,0.13303633417524674,1.4788164295498996,0.0021115096617467656,0.004912301385022761,0.016086634070671648,0.0036326126992950614,0.01624510265658973
ER,modularity,edge_uniform,0.2,0.3177794538810611,0.6529275609948815,1.054673798199755,0.08557535383420459,1.0581575286782143,0.0021115096617467656,0.0060753983120804345,0.01688176686115262,0.005833008475570717,0.01650078508529657
ER,modularity,edge_uniform,0.3,0.3177794538810611,0.5525441546043087,0.7387592033879764,0.05632730250451806,0.7409063491407706,0.0021115096617467656,0.004290069800125356,0.005333514389576571,0.0026481538613350583,0.005485740203164767
ER,modularity,random_node,0.05,0.3177794538810611,0.7444920207092093,1.3427927747209814,0.29881027854287245,1.3758793192360492,0.0021115096617467656,0.007704837552958037,0.018884033165501992,0.026108115655692196,0.014435617134199915
ER,modularity,random_node,0.1,0.3177794538810611,0.8544213671030605,1.6887844443458409,0.13034754761822837,1.6938303233353877,0.0021115096617467656,0.0021340085226555427,0.01284766582002387,0.009391246706891565,0.012491237403614098
ER,modularity,random_node,0.2,0.3177794538810611,0.7883458829702392,1.4808124257042752,0.10375850649250531,1.4844510863728162,0.0021115096617467656,0.004756665105486423,0.009172481664976247,0.0056864177793285045,0.009315026163703043
ER,modularity,random_node,0.3,0.3177794538810611,0.6762257945526449,1.1279630181633276,0.0828943825102164,1.1310210845537054,0.0021115096617467656,0.00623530098528104,0.012425011630246289,0.006980853321313065,0.012542222316914459
ER,modularity,snowball,0.05,0.3177794538810611,0.646250395217027,1.0336270609964067,0.14172539447573973,1.0433189490019203,0.0021115096617467656,0.006821243385113491,0.014412172696655597,0.007887486035295807,0.014684083353158187
ER,modularity,snowball,0.1,0.3177794538810611,0.6241384982121083,0.9640506703403426,0.09429947327690309,0.968660206799823,0.0021115096617467656,0.005254493289722903,0.008017162268164867,0.00403620049575142,0.00774128951713988
ER,modularity,snowball,0.2,0.3177794538810611,0.552389868315444,0.7382934258975675,0.05955376949282888,0.74070889396298,0.0021115096617467656,0.0033561383128964764,0.006622671192043273,0.005413515813342668,0.00639348596760537
ER,modularity,snowball,0.3,0.3177794538810611,0.4940928659705766,0.5548349707692142,0.04284423104061803,0.5565039513855754,0.0021115096617467656,0.003406128089538246,0.006004248187316289,0.0049740282349858295,0.006068213979361855
SBM,assortativity,degree_weighted,0.05,0.001719299779465816,-0.09987783482035684,-7.448160725792107,20.63547366141411,21.97686724611892,0.021954787996551584,0.013883912420608605,5.187583678237511,18.021886817391685,18.697416953174532
SBM,assortativity,degree_weighted,0.1,0.001719299779465816,-0.0242568562687826,-1.8957850441283761,10.21765000995995,10.443898689046842,0.021954787996551584,0.0025841183422774644,1.7013882610512865,8.138724510772263,8.233027979893828
SBM,assortativity,degree_weighted,0.2,0.001719299779465816,-0.002505077064510191,-0.19438421214340124,5.805691221370807,5.881440700346597,0.021954787996551584,0.00874311304724223,0.7035245531864842,5.403828919958438,5.351348206600783
SBM,assortativity,degree_weighted,0.3,0.001719299779465816,0.004569064952389505,0.5026799809161329,3.8423829819473463,3.962223102190432,0.021954787996551584,0.008362204682286437,0.9995394891583822,3.3778843923508037,3.3993984685566394
SBM,assortativity,edge_uniform,0.05,0.001719299779465816,0.21528850803975583,17.733780129306705,11.047776320803633,20.908579315982706,0.021954787996551584,0.007687764377463625,15.828194287955773,9.274439632895083,18.323796080287092
SBM,assortativity,edge_uniform,0.1,0.001719299779465816,0.13155872574023036,10.676297086932115,8.43301024572129,13.628617740437551,0.021954787996551584,0.01245793950391418,9.19173919978596,8.116726436990376,12.229841261938079
SBM,assortativity,edge_uniform,0.2,0.001719299779465816,0.06538897091105539,5.400566675280309,4.946592152555768,7.360786228153442,0.021954787996551584,0.004416448395467631,4.934024218508306,4.2699582063538175,6.472579750336124
SBM,assortativity,edge_uniform,0.3,0.001719299779465816,0.03804838252893186,3.239759081443843,3.562386032286472,4.87298332277271,0.021954787996551584,0.006520446689353983,3.2078448986156376,3.016784150458556,4.323434845124952
SBM,assortativity,random_node,0.05,0.001719299779465816,-0.10237222353469255,-7.804979682576591,21.010042414951076,22.493672779967806,0.021954787996551584,0.013985549409257612,5.8355252278290495,19.410140712896983,20.15625860416821
SBM,assortativity,random_node,0.1,0.001719299779465816,-0.02731370395021427,-1.469867236878327,11.191914730139093,11.405704325937485,0.021954787996551584,0.012665816962698757,1.017707032138422,9.61872182066471,9.498276389911487
SBM,assortativity,random_node,0.2,0.001719299779465816,0.0009765372180354302,0.5190589546417251,6.254624070614093,6.395075169794225,0.021954787996551584,0.007122266910021068,1.6845962912531145,5.567568572662577,5.6525774670082285
SBM,assortativity,random_node,0.3,0.001719299779465816,0.004575578456055404,0.5542383545662496,4.1341952955446395,4.256774434821809,0.021954787996551584,0.007625530835621766,1.1148839893283626,3.563503496838766,3.6110665134654942
SBM,assortativity,snowball,0.05,0.001719299779465816,-0.5912567652848475,-47.964580086687405,6.473003939170297,48.40227504060838,0.021954787996551584,0.008242755571081041,41.00031800660066,5.246114186776042,41.33035697802106
SBM,assortativity,snowball,0.1,0.001719299779465816,-0.46317018907556384,-37.451608191495225,4.163789560807142,37.683510379769146,0.021954787996551584,0.005711563720557325,31.73574429417013,3.5016041156063378,31.926636663679755
SBM,assortativity,snowball,0.2,0.001719299779465816,-0.26118926285684296,-20.755625222153597,4.150858878837826,21.16755925535461,0.021954787996551584,0.005653575125259153,16.865113749692025,3.47180075644622,17.217302808206703
SBM,assortativity,snowball,0.3,0.001719299779465816,-0.1564265516007382,-12.626441913384294,4.778872784205815,13.503606445619152,0.021954787996551584,0.0052162336509810605,10.666566304247269,4.28950111496108,11.492260366875618
SBM,avg_path,degree_weighted,0.05,2.9516138923654567,2.2592833753965333,-0.2344857091949928,0.23397439845170473,0.3328250948297294,0.013782126084798698,0.08029211459442968,0.029533301169840508,0.027072347401949706,0.01728892335318211
SBM,avg_path,degree_weighted,0.1,2.9516138923654567,5.639291972366834,0.9106712763923713,0.42363789533128504,1.004512032727958,0.013782126084798698,0.09028270562551287,0.03602010211710994,0.018843119199750263,0.036551758332190695
SBM,avg_path,degree_weighted,0.2,2.9516138923654567,4.819399056940645,0.6327744668860473,0.09338227233742699,0.6396566614488208,0.013782126084798698,0.05192872823717187,0.011922152863987543,0.007200671193205725,0.012161420024363058
SBM,avg_path,degree_weighted,0.3,2.9516138923654567,3.967722387160851,0.3442387375306941,0.035183015267003175,0.3460469968068843,0.013782126084798698,0.03434914529231272,0.006405472095600956,0.003286887545426212,0.006234575260548095
SBM,avg_path,edge_uniform,0.05,2.9516138923654567,4.000814285266635,0.3556478521870298,0.35079781835866714,0.5007585135018633,0.013782126084798698,0.1255396057359952,0.04898730942422842,0.03142014380106177,0.04322905305948224
SBM,avg_path,edge_uniform,0.1,2.9516138923654567,5.792292253614841,0.9623804736742508,0.2688955539063983,0.9995068298864522,0.013782126084798698,0.07892813763424543,0.021518756927713215,0.028857341061450145,0.02509318773889571
SBM,avg_path,edge_uniform,0.2,2.9516138923654567,4.289507614589065,0.4532427919836888,0.05767103919850227,0.4569104085469756,0.013782126084798698,0.04922456689750015,0.01074590111777889,0.003331209765620599,0.010554198708864503
SBM,avg_path,edge_uniform,0.3,2.9516138923654567,3.746718512808408,0.2693753569727935,0.027143259718387092,0.27074112376817155,0.013782126084798698,0.024057199456071238,0.0042358193511004795,0.0010164112466911793,0.004222499115656768
SBM,avg_path,random_node,0.05,2.9516138923654567,2.0175854119736476,-0.31641563668762157,0.19486896226003175,0.3721954843842358,0.013782126084798698,0.07668535417514988,0.026783475501710577,0.010855662986491687,0.017009151205319803
SBM,avg_path,random_node,0.1,2.9516138923654567,4.984420267512459,0.6888915264454492,0.422257966696022,0.808765440882589,0.013782126084798698,0.1851522721489804,0.06837923588293873,0.020393396165315634,0.05963509543741229
SBM,avg_path,random_node,0.2,2.9516138923654567,5.339150986607412,0.8088675629438388,0.13340995128915256,0.8198209779996908,0.013782126084798698,0.061180778771355464,0.01579835904398434,0.00930256155459921,0.01686024011087966
SBM,avg_path,random_node,0.3,2.9516138923654567,4.2715135200861205,0.4471510203405996,0.047064723004653905,0.4496328847051392,0.013782126084798698,0.04285590204735169,0.008100499315430488,0.004186994602313937,0.008359974973528915
SBM,avg_path,snowball,0.05,2.9516138923654567,3.3422543947553622,0.13238650927203846,0.14431078855216084,0.19612393093186062,0.013782126084798698,0.04261610101924893,0.016998544141971574,0.016850481463206876,0.0207818017868853
SBM,avg_path,snowball,0.1,2.9516138923654567,3.514409172048816,0.19069516979272355,0.07014982724352681,0.20320938788311033,0.013782126084798698,0.0035815572856087875,0.005874885133197924,0.004750174667271266,0.006823989714806736
SBM,avg_path,snowball,0.2,2.9516138923654567,3.2853342767295595,0.11306479228006723,0.038147720043867336,0.11934749240491624,0.013782126084798698,0.020624117861313712,0.004980737841737608,0.003165690236302483,0.005354359186069699
SBM,avg_path,snowball,0.3,2.9516138923654567,3.242491771269177,0.0985516514295123,0.025517486448412906,0.10181241429759744,0.013782126084798698,0.01527264778281912,0.0029024395926039665,0.0014270048224081194,0.0027773205848709926
SBM,clustering,degree_weighted,0.05,0.03272440878115707,0.027067295780716382,-0.17390431648830657,2.5068110283853717,2.5228251846321355,0.0011088575296334944,0.007344194080351935,0.21858877724900616,0.491166573713064,0.47554949328568774
SBM,clustering,degree_weighted,0.1,0.03272440878115707,0.03496960855191468,0.06825406145792669,1.046216676912344,1.050290749782247,0.0011088575296334944,0.0027357701484530903,0.06980524781671339,0.05721418170343902,0.057383371344121734
SBM,clustering,degree_weighted,0.2,0.03272440878115707,0.0367469867113998,0.12300792251129586,0.3898523090087488,0.40886253229182123,0.0011088575296334944,0.0012297727230834662,0.014469130942216836,0.030567837221810373,0.0328291080070547
SBM,clustering,degree_weighted,0.3,0.03272440878115707,0.037237335224377846,0.13755543210238325,0.20548734319772036,0.24786901790253763,0.0011088575296334944,0.0017202762716192013,0.01728853590037366,0.015436412837683091,0.013097525112672833
SBM,clustering,edge_uniform,0.05,0.03272440878115707,0.04209636628341312,0.28290974806211044,1.8338458959862336,1.860617805786213,0.0011088575296334944,0.006392154453582671,0.16030756309757732,0.04162421640328123,0.06199746675664714
SBM,clustering,edge_uniform,0.1,0.03272440878115707,0.04246367148782622,0.2971264119846053,0.8023734655292138,0.8597342537441781,0.0011088575296334944,0.003699258407296367,0.09510394782592402,0.07036307125512449,0.07194506562276262
SBM,clustering,edge_uniform,0.2,0.03272440878115707,0.04117729792301119,0.25788943275489673,0.3510742656775979,0.43650330441261886,0.0011088575296334944,0.002164624566634998,0.03722043576027988,0.007483355405665105,0.021738616032930393
SBM,clustering,edge_uniform,0.3,0.03272440878115707,0.03922123951686224,0.19843456536974466,0.19567616382280764,0.27894229041542357,0.0011088575296334944,0.0015013390191237206,0.01446330304304757,0.019946031128419188,0.020683975495535797
SBM,clustering,random_node,0.05,0.03272440878115707,0.021561681455799103,-0.34085445834732275,2.295382945710667,2.342839151856536,0.0011088575296334944,0.008786351789614517,0.2721419177323941,0.6719448501179275,0.6290133362580927
SBM,clustering,random_node,0.1,0.03272440878115707,0.03019941649990323,-0.07740243687177985,1.1604623160947243,1.1636803564709748,0.0011088575296334944,0.0019027723846056315,0.04306842209659635,0.09451165033611315,0.0944842916714446
SBM,clustering,random_node,0.2,0.03272440878115707,0.031839647319022495,-0.02737417513887792,0.41967803914392,0.42181776894917034,0.0011088575296334944,0.0017929532592774924,0.03378162048334174,0.047159273228325124,0.04528973048726621
SBM,clustering,random_node,0.3,0.03272440878115707,0.03277088248041525,0.0014400297447535809,0.21686538167905564,0.21699410512811995,0.0011088575296334944,0.00112007070479781,0.008146517429156782,0.010897316059151294,0.010858153096174326
SBM,clustering,snowball,0.05,0.03272440878115707,0.08210508667634205,1.5089303710483624,0.9005614532776576,1.7577877746783712,0.0011088575296334944,0.003326757476002759,0.05399158025740262,0.0438369572744171,0.0491598240740127
SBM,clustering,snowball,0.1,0.03272440878115707,0.07347437565407859,1.2450311367830709,0.5001974084174059,1.3427542225479332,0.0011088575296334944,0.003325990200890847,0.05949882289859752,0.04697442752372452,0.04884212053303355
SBM,clustering,snowball,0.2,0.03272440878115707,0.05537493339017021,0.6919079874795202,0.24787077458971143,0.735666771930006,0.0011088575296334944,0.0025642618351426226,0.04255113895288621,0.041236275211537346,0.047167369114615464
SBM,clustering,snowball,0.3,0.03272440878115707,0.049301436691377154,0.5067382955986244,0.16006066489396018,0.5315800358482349,0.0011088575296334944,0.0014867615014045076,0.013175791536117537,0.016976725246934665,0.015621727907602715
SBM,modularity,degree_weighted,0.05,0.5064546109019391,0.7648231438245171,0.5104123271648378,0.140391038567499,0.5294062455748627,0.008188405712924878,0.008733953708259919,0.02626759214557583,0.004295300323865366,0.025645744769194633
SBM,modularity,degree_weighted,0.1,0.5064546109019391,0.7647969328751131,0.5104322982230809,0.0896918371568161,0.5182916806842303,0.008188405712924878,0.005907017755951558,0.028257913117076445,0.005124506578216467,0.027823250899626683
SBM,modularity,degree_weighted,0.2,0.5064546109019391,0.6154472318224835,0.21551156544132727,0.0508565552897358,0.22145233320976104,0.008188405712924878,0.004784549462981708,0.025091367163342426,0.0032712390322544313,0.025067666913971432
SBM,modularity,degree_weighted,0.3,0.5064546109019391,0.5216802393761277,0.03028358271546237,0.034856503775654545,0.04825881992449327,0.008188405712924878,0.005903500445488522,0.02065770908822441,0.002777709753161649,0.013726016812927613
SBM,modularity,edge_uniform,0.05,0.5064546109019391,0.7743502291928512,0.5293897054440702,0.10400552844321886,0.5395808871700001,0.008188405712924878,0.006240804173718906,0.03434755695955404,0.008840889336956603,0.03408462212704563
SBM,modularity,edge_uniform,0.1,0.5064546109019391,0.6928225619123098,0.3683867930109561,0.07729529806524064,0.37655591820994305,0.008188405712924878,0.0058168254250491325,0.031879386180494074,0.008041983298643139,0.030696250500971294
SBM,modularity,edge_uniform,0.2,0.5064546109019391,0.5624482575705684,0.11086869068877861,0.039701392028156444,0.11819211792208788,0.008188405712924878,0.0054433114602928274,0.025555707704071298,0.004074511837632441,0.023303622022269738
SBM,modularity,edge_uniform,0.3,0.5064546109019391,0.5053506605706589,-0.0019945531347638767,0.03535249201879608,0.03865027691146024,0.008188405712924878,0.005268164026598991,0.017605126737193624,0.0017621146139919686,0.003600252958174682
SBM,modularity,random_node,0.05,0.5064546109019391,0.7689774046649538,0.5188636266619348,0.15067352849279528,0.5406206577407484,0.008188405712924878,0.009815496476627194,0.04131011196929503,0.01574233284993256,0.038967242665866784
SBM,modularity,random_node,0.1,0.5064546109019391,0.7924937382979207,0.5652247836055607,0.0904271130753717,0.5724748636935171,0.008188405712924878,0.005838237265551246,0.03489404333284557,0.005160569156347097,0.03398583910052658
SBM,modularity,random_node,0.2,0.5064546109019391,0.654860582178669,0.2933411742570623,0.05569893741314027,0.2986026467542337,0.008188405712924878,0.004559019579527943,0.025635356735706962,0.004206012466652124,0.025684750813972524
SBM,modularity,random_node,0.3,0.5064546109019391,0.547942544166925,0.0821541557506566,0.03603750875236216,0.09004289108862702,0.008188405712924878,0.0055747061985946915,0.021284179785932323,0.0028084550685952125,0.019653501335867032
SBM,modularity,snowball,0.05,0.5064546109019391,0.5396169221139326,0.06566528232201443,0.09891390020667097,0.12000467568659104,0.008188405712924878,0.006200944358528898,0.018530023013175308,0.006994200947558136,0.003277050825844314
SBM,modularity,snowball,0.1,0.5064546109019391,0.5626559836837499,0.1111761001975857,0.07794283509854619,0.1359785075106974,0.008188405712924878,0.0023991757049185774,0.01646602491117187,0.004436944530162152,0.014904255097842167
SBM,modularity,snowball,0.2,0.5064546109019391,0.4632837965174182,-0.0849641761582481,0.07783219760546946,0.11658712433219096,0.008188405712924878,0.005216341086031331,0.022745116053828528,0.007019754051744835,0.013110036961055874
SBM,modularity,snowball,0.3,0.5064546109019391,0.43988882618092956,-0.13122185882462903,0.06803147704360761,0.14809776561020666,0.008188405712924878,0.004690323399473013,0.01874304874643979,0.0037428479247152415,0.016076323931065346
WS,assortativity,degree_weighted,0.05,-0.005923524426365442,0.18467872801545107,155.7136048675087,348.86708126375873,382.11742232083714,0.007304335177225224,0.023851855582090506,233.04165354666873,525.0355660739267,574.36687865148
WS,assortativity,degree_weighted,0.1,-0.005923524426365442,0.38604928195088767,325.1930550394059,173.57027870385485,368.6946532031617,0.007304335177225224,0.022260327017146076,501.5942621178675,274.6203413652833,571.7865925538987
WS,assortativity,degree_weighted,0.2,-0.005923524426365442,0.4234406256785027,356.1269910670143,83.93977022211591,365.9061499677512,0.007304335177225224,0.005975430708178013,545.8541638214751,126.19344139328899,560.234605384993
WS,assortativity,degree_weighted,0.3,-0.005923524426365442,0.43892132878493834,377.69238899327604,69.2365013681939,383.9894719010837,0.007304335177225224,0.009599957318760614,587.6770447755478,106.80383767306822,597.3006092543937
WS,assortativity,edge_uniform,0.05,-0.005923524426365442,0.5773517890394523,461.2235101393151,151.33436224162875,485.5149763733166,0.007304335177225224,0.02849046897087124,684.5217679268443,234.88415039357363,723.6167106235972
WS,assortativity,edge_uniform,0.1,-0.005923524426365442,0.5700320761547091,489.6820276771242,105.12687785205571,500.8450161119814,0.007304335177225224,0.014730371829640123,763.8232147607445,163.56948313408046,781.1362892357846
WS,assortativity,edge_uniform,0.2,-0.005923524426365442,0.5250292705035674,446.6080041474919,71.02790973929427,452.22289005026596,0.007304335177225224,0.008162316659488886,691.4594668163029,108.57060268016741,699.929592046676
WS,assortativity,edge_uniform,0.3,-0.005923524426365442,0.5002149835952241,432.6432728449839,62.430630714134374,437.1246462020038,0.007304335177225224,0.011173221047689042,675.8788740348334,97.33902626905422,682.8520516860134
WS,assortativity,random_node,0.05,-0.005923524426365442,0.17866154496063535,174.338196285729,352.2248930926182,393.1715486339459,0.007304335177225224,0.024820664477140566,284.4387679045775,547.5801498197357,616.9196279439437
WS,assortativity,random_node,0.1,-0.005923524426365442,0.363802087148116,290.153165123265,152.8181997390629,327.96850859995686,0.007304335177225224,0.01890696108589335,435.207871898373,225.63664526743273,490.1953038447256
WS,assortativity,random_node,0.2,-0.005923524426365442,0.4354360401028908,375.67452387300676,91.20768357634716,386.6068671957758,0.007304335177225224,0.018404676297378717,581.9165777772735,138.20246546540656,598.0873469128753
WS,assortativity,random_node,0.3,-0.005923524426365442,0.43891277746254476,372.41875175061267,61.21837152968037,377.4488824838056,0.007304335177225224,0.01720178268818024,575.8452830595189,89.89764565353296,582.7941941122026
WS,assortativity,snowball,0.05,-0.005923524426365442,-0.13369281617279122,-103.93688210961734,96.3373133893311,141.78331454567848,0.007304335177225224,0.015404077346930865,157.02469523915588,145.34396274770774,213.9116145394791
WS,assortativity,snowball,0.1,-0.005923524426365442,0.008340659186551457,10.785986850487802,71.39549240384639,72.31171138050603,0.007304335177225224,0.00418128240234916,19.767177425226755,112.55936457452853,114.19802828078187
WS,assortativity,snowball,0.2,-0.005923524426365442,0.10171193917328847,92.00563704857282,48.00791611759725,103.83070381678189,0.007304335177225224,0.007310396064887227,146.20421594384229,73.31949183412566,163.51650802607875
WS,assortativity,snowball,0.3,-0.005923524426365442,0.16824806008641255,153.1266067481774,37.599635914292406,157.68742085859577,0.007304335177225224,0.011694533369175664,241.92217259009587,57.66524914341619,248.6902251236715
WS,avg_path,degree_weighted,0.05,4.286324155193992,1.354093650793651,-0.6840326474965863,0.07131092462122779,0.6878005476161548,0.043242487399523744,0.02598673482273782,0.008513193844554534,0.009878560347532072,0.008090569326458165
WS,avg_path,degree_weighted,0.1,4.286324155193992,2.2045494283666107,-0.48555864508135904,0.13747475020792796,0.5047801120727498,0.043242487399523744,0.057995911524588294,0.01764056199455746,0.012753107414928607,0.017414367443869306
WS,avg_path,degree_weighted,0.2,4.286324155193992,5.95246955334686,0.38914175969623965,0.39458624579476365,0.5552180241587348,0.043242487399523744,0.18616039933873607,0.05645833362906379,0.03143450532829177,0.05247734521065081
WS,avg_path,degree_weighted,0.3,4.286324155193992,10.005666227588526,1.334249984632541,0.3789678851298187,1.3871337749739163,0.043242487399523744,0.20462625456692538,0.03612045491066996,0.019695198544085576,0.03629118807009775
WS,avg_path,edge_uniform,0.05,4.286324155193992,1.9000525550472918,-0.5565489783352701,0.12240041372473828,0.5699604860907306,0.043242487399523744,0.07470087197775796,0.021710828594881673,0.008263814807738778,0.019538149605334683
WS,avg_path,edge_uniform,0.1,4.286324155193992,3.10738194465051,-0.2748902055614777,0.21118649312543053,0.34728747960297907,0.043242487399523744,0.08081036896372182,0.02425792383781557,0.012640930027412983,0.013890576300263708
WS,avg_path,edge_uniform,0.2,4.286324155193992,8.064992931631647,0.8819645212139211,0.4343133167533365,0.9833820196030935,0.043242487399523744,0.2505401763402642,0.07056863174436297,0.03397875949392009,0.07379759156927165
WS,avg_path,edge_uniform,0.3,4.286324155193992,8.59398670323878,1.0048489592135827,0.23918731991173564,1.033229842462664,0.043242487399523744,0.21439466951568126,0.038139266254932865,0.03524675166204981,0.04366988651106027
WS,avg_path,random_node,0.05,4.286324155193992,1.3824063492063494,-0.6774362451124911,0.07274313965685915,0.6813590033584072,0.043242487399523744,0.034456342305434734,0.009653538477486569,0.006467473780602198,0.009310902176875161
WS,avg_path,random_node,0.1,4.286324155193992,2.172147797472565,-0.49321773379275174,0.1402469603156627,0.5128510892772277,0.043242487399523744,0.05028809308756257,0.011648914436947778,0.007362668043260322,0.0092620126876847
WS,avg_path,random_node,0.2,4.286324155193992,5.502978416126382,0.2840931579120881,0.36019148245068905,0.4593981072205001,0.043242487399523744,0.21650833076435477,0.05644513508312078,0.026591060525445482,0.056065984610158895
WS,avg_path,random_node,0.3,4.286324155193992,10.229389666495962,1.3865009391625283,0.3717916836081273,1.4360458131806777,0.043242487399523744,0.2602262378900118,0.05487264711045231,0.04756984632966993,0.057068499296614145
WS,avg_path,snowball,0.05,4.286324155193992,2.2035516513415883,-0.48584178051850924,0.1807865069403848,0.5185997151073882,0.043242487399523744,0.04116737728668711,0.01241525293359146,0.013431522713184393,0.007743362147408103
WS,avg_path,snowball,0.1,4.286324155193992,4.176974796938862,-0.025321605999133273,0.16393639444656766,0.16717111917690325,0.043242487399523744,0.06256452338227111,0.02410051908509123,0.009781332047672363,0.011797756624445007
WS,avg_path,snowball,0.2,4.286324155193992,4.723667958824806,0.10202764197546872,0.0801627517188124,0.12978356810920427,0.043242487399523744,0.05385436685097658,0.004709174342219504,0.00361007193655451,0.005012371313551912
WS,avg_path,snowball,0.3,4.286324155193992,4.624676359832636,0.07894258305772021,0.039805136269754224,0.08847916142454922,0.043242487399523744,0.049377719779281064,0.005288914972544722,0.003916680870594541,0.005299610291147682
WS,clustering,degree_weighted,0.05,0.483838482929451,0.3010263406270372,-0.3779564346401483,0.747872307339872,0.8397863959372482,0.007543435495230997,0.02904580301692894,0.05809979976538981,0.030294835393381188,0.02114103822888499
WS,clustering,degree_weighted,0.1,0.483838482929451,0.4676611243523337,-0.03367521247640183,0.2903079133702742,0.29287845326107675,0.007543435495230997,0.01760718828638942,0.023253151867336626,0.01941831134236142,0.02148080613757775
WS,clustering,degree_weighted,0.2,0.483838482929451,0.4776163104697074,-0.012892785046611921,0.10640953986919807,0.10751023588087072,0.007543435495230997,0.009927030620698865,0.010159939235420223,0.013297960102446502,0.013910937638917726
WS,clustering,degree_weighted,0.3,0.483838482929451,0.48018161745771215,-0.007574126579574421,0.06578122927440044,0.06623569114455878,0.007543435495230997,0.008138254275345624,0.002004909061741251,0.003919226132957831,0.004011659874503353
WS,clustering,edge_uniform,0.05,0.483838482929451,0.4832299128829197,-0.0013909863091380414,0.4561813613774122,0.4578952963435934,0.007543435495230997,0.024845999876773862,0.04546742193525246,0.023606052557934347,0.02585760616625124
WS,clustering,edge_uniform,0.1,0.483838482929451,0.5344962576316061,0.10459932408004788,0.2037572653213473,0.2303202529721214,0.007543435495230997,0.014182304050941657,0.01735114427479466,0.02806614807587228,0.01876298018919313
WS,clustering,edge_uniform,0.2,0.483838482929451,0.5199963351536336,0.07470834806024419,0.08753897954116828,0.11519060493760236,0.007543435495230997,0.009235159637536955,0.004897668024065413,0.005457261880350515,0.004815318077841774
WS,clustering,edge_uniform,0.3,0.483838482929451,0.50960053994346,0.05330911728845088,0.059040364444432794,0.07971909681745633,0.007543435495230997,0.006311517151273799,0.008163230021178247,0.0019039245809874925,0.005989869047533952
WS,clustering,random_node,0.05,0.483838482929451,0.2690319040418011,-0.4437115432904113,0.7087537372469207,0.836649265505583,0.007543435495230997,0.012047665095727982,0.030196894588903102,0.010987570028673739,0.00835640098685765
WS,clustering,random_node,0.1,0.483838482929451,0.4590308435358675,-0.05100470763822677,0.29950207254495653,0.30600770468910776,0.007543435495230997,0.015446006444805255,0.03776953737905897,0.03580238141174867,0.03218957722915887
WS,clustering,random_node,0.2,0.483838482929451,0.48395651630612413,0.00026934273992946926,0.10994511913988644,0.1105616371286906,0.007543435495230997,0.009092231811463689,0.01304286590297059,0.006409575375260231,0.0064309184396874166
WS,clustering,random_node,0.3,0.483838482929451,0.48070676694490044,-0.0065088988334411945,0.06910836060482681,0.06988944812139773,0.007543435495230997,0.009850626661533536,0.009225945015550699,0.0047138348083136565,0.004958194079152046
WS,clustering,snowball,0.05,0.483838482929451,0.7015846306333787,0.45016026559453104,0.07373924846976684,0.45618396460422395,0.007543435495230997,0.00686243260650557,0.011376787754735291,0.004438234337289281,0.011024705320103651
WS,clustering,snowball,0.1,0.483838482929451,0.6109567094575337,0.2628220043217616,0.05768571438884228,0.269169163871226,0.007543435495230997,0.006266836870780558,0.008617476654826324,0.007559369911746509,0.008376515013081814
WS,clustering,snowball,0.2,0.483838482929451,0.5555244768371053,0.14822651281062615,0.040289401425577555,0.1536234994712699,0.007543435495230997,0.006189165974315948,0.005515748479547737,0.0034627391232487053,0.0059252228071013414
WS,clustering,snowball,0.3,0.483838482929451,0.5456411961172185,0.12778837661770664,0.02840076521999304,0.13094410484220448,0.007543435495230997,0.0068226804054214935,0.0063973883473924225,0.0031210143266059247,0.00618949889118109
WS,modularity,degree_weighted,0.05,0.6524390375,0.80132883581968,0.22891814414726785,0.11583475195961582,0.2572798292976813,0.019452020474873162,0.008591615547544245,0.031705008347991566,0.020711272273359227,0.031137344956518008
WS,modularity,degree_weighted,0.1,0.6524390375,0.8982965037272358,0.3778229942591299,0.03956485984925066,0.37991398193528314,0.019452020474873162,0.0020402231423948523,0.041791294940443195,0.0031702598250554484,0.04162646033517399
WS,modularity,degree_weighted,0.2,0.6524390375,0.9067415344638865,0.3907297912850403,0.025365641746221697,0.3915556305811281,0.019452020474873162,0.002935590710313048,0.0404305227031198,0.0014464998016083849,0.040415797673106754
WS,modularity,degree_weighted,0.3,0.6524390375,0.877657988245174,0.3461237598970159,0.021453152906622024,0.3467951521762189,0.019452020474873162,0.0035388095418034554,0.03931165146224463,0.0018438969127105448,0.039275661661615405
WS,modularity,edge_uniform,0.05,0.6524390375,0.8778071520412828,0.3463232920981089,0.057586183513406955,0.35109432407689045,0.019452020474873162,0.004324684426248133,0.03816079645175614,0.004076324873627906,0.03819451908568554
WS,modularity,edge_uniform,0.1,0.6524390375,0.8988700092229227,0.37871563663753377,0.033882258367607165,0.3802530644777088,0.019452020474873162,0.002271072457170735,0.04248761476486545,0.001997714903018613,0.04225663320365077
WS,modularity,edge_uniform,0.2,0.6524390375,0.8859144629269557,0.3588214553164078,0.025832770921271297,0.3597572371027875,0.019452020474873162,0.0017041936057388355,0.04083829346560139,0.0024543525164523383,0.04083398169096584
WS,modularity,edge_uniform,0.3,0.6524390375,0.8659950166574353,0.32824097370124383,0.019862501234392198,0.32884652531540093,0.019452020474873162,0.003037580391652406,0.03891169220787361,0.001675915714742835,0.03889346581986541
WS,modularity,random_node,0.05,0.6524390375,0.8000549616985925,0.22695447187619386,0.09570685087364661,0.2465020891211706,0.019452020474873162,0.006512128468322976,0.030056104786239164,0.004719274977442187,0.028402606848629063
WS,modularity,random_node,0.1,0.6524390375,0.9014877637199463,0.38272344125000807,0.03640573362101381,0.3844795938947415,0.019452020474873162,0.0014883538787320919,0.042140428959943334,0.004678722226946249,0.04207458789089919
WS,modularity,random_node,0.2,0.6524390375,0.9105255839027514,0.3965195406009417,0.023268168438888525,0.3972027149006753,0.019452020474873162,0.002049653466960308,0.03980703802750422,0.0028975195433231806,0.03989914994766253
WS,modularity,random_node,0.3,0.6524390375,0.8826112085644702,0.35373393966687605,0.02046227516920802,0.35433006778657244,0.019452020474873162,0.003656279151565202,0.04007040447771553,0.0018172925826757979,0.04005870276206355
WS,modularity,snowball,0.05,0.6524390375,0.7031055434866607,0.07855045044038836,0.0510218133629209,0.09507960960733583,0.019452020474873162,0.0029916487799233147,0.037495575165021805,0.005273248601884595,0.0331708981330721
WS,modularity,snowball,0.1,0.6524390375,0.7375602937987606,0.13129595172118816,0.04463600107890227,0.13908780312408267,0.019452020474873162,0.0026789138185873912,0.03508390711406485,0.004657790865968748,0.03330996465241863
WS,modularity,snowball,0.2,0.6524390375,0.7856606682531998,0.2050853196869567,0.0418748258074194,0.20948288407796256,0.019452020474873162,0.001556782340151617,0.037628896185447236,0.0026381782469476122,0.03655006354235412
WS,modularity,snowball,0.3,0.6524390375,0.8137759506395555,0.2482108987575428,0.02929988591323097,0.24995667029999877,0.019452020474873162,0.00413348918490937,0.03943136575723884,0.002204633948615123,0.03931524771249778
